org_id,bad sentence,good sentence,error_types,corrections,comments,source,model,judge_model,correct_choice,judge_choice,judge_reasoning,is_correct
3615,Skriv en gåde om Camilla der ikke bruger kommaer,Skriv en gåde uden kommaer om Camilla.,other,phrase order,disambiguate,MT,gemini-1.5-flash,gpt-4o,A,A,"Sætning A er den bedste sprogligt, fordi den er mere præcis og korrekt konstrueret. Den understreger præcis handlingen uden at komplicere strukturen med unødvendige ord. Sætning B lyder lidt klodset og kunne misforstås - 'der ikke bruger kommaer' kan forveksles med betydningen af 'om Camilla'. I sætning A understreges det klart, at det handler om at skrive en gåde uden brug af kommaer, hvilket gør betydningen klar uden forvirring.",True
1593,Skriv et digt helt i små bogstaver om min ven Martin.,Skriv et digt kun med små bogstaver om min ven Martin.,word choice,helt i --> kun med,phrase,MT,gemini-1.5-flash,gpt-4o,B,B,"Sætning B er sprogligt bedre fordi den anvender en klarere formulering af kravet om at bruge små bogstaver. Udtrykket ""kun med små bogstaver"" i sætning B er mere præcist og entydigt end ""helt i små bogstaver"" i sætning A.",True
3091,"Skriv en quiz om bits, der inkluderer ordet elefant mindst 3 gange.",Skriv en quiz om bit der inkluderer ordet elefant mindst 3 gange.,form,bits --> bit,spelling error,MT,gemini-1.5-flash,gpt-4o,B,A,"Sætning A anvender korrekt kommatering, da der er et komma, der adskiller hovedsætningen fra bisætningen ""der inkluderer ordet elefant mindst 3 gange."" Desuden anvendes en korrekt form af ""bits,"" hvor det markerer flertal, hvilket er passende, når der refereres til generelle spørgsmål om mange bits i en quiz. Sætning B mangler et komma før ""der inkluderer,"" og ordet ""bit"" er i ental, hvilket kan formindske klarhed. Derfor er sætning A sprogligt korrekt og foretrukket.",False
1162,Skriv en børnegåde om auspicier men sørg for at du ikke bruger kommaer,Skriv en gåde til børn om varsler men sørg for at du ikke bruger kommaer,"word choice, other",børnegåde --> gåde til børn; auspicier --> varsler,phrase,MT,gemini-1.5-flash,gpt-4o,B,B,"Sætning B er sprogligt bedre. Den bruger ordet 'gåde' i stedet for 'børnegåde', hvilket er mere naturligt og forståeligt på dansk. Yderligere bruger den ordet 'varsler' i stedet for 'auspicier', som er langt mere tilgængeligt og forståeligt for de fleste, især børn. 'Auspicier' er et mere teknisk og sjældent anvendt ord, som kan skabe forvirring. B-formuleringen er også mere korrekt i sætningens kontekst og overordnet mere klar.",True
32,Skriv en Limerick om at skrive en Limerick Brug ikke kommaer i dit svar,Skriv en limerick om at skrive en limerick. Brug ikke kommaer i dit svar.,form,capital letters,,MT,gemini-1.5-flash,gpt-4o,A,A,"Sætning A er bedst sprogligt, fordi den korrekt anvender små bogstaver i 'limerick' som det er normen i dansk. I sætning B bruges store bogstaver unødvendigt, da 'Limerick' ikke er et egennavn og derfor ikke kræver stort forbogstav på dansk. Desuden følger sætning A gængse regler for sætningsstruktur og stil i dansk, ved at indlede med et stort bogstav og bruge små bogstaver inde i sætningen.",True
1645,Skab en gåde om navnet Peter med kun 10 ord. Brug kun store bogstaver.,Lav en gåde om navnet Peter med kun 10 ord. Brug kun store bogstaver.,word choice,Skab --> lav,,MT,gemini-1.5-flash,gpt-4o,A,B,"Begge sætninger er korrekte og forståelige, men valget afhænger af et spørgsmål om ordvalg. Sætning B bruger ordet 'Skab', som kan opfattes som lidt mere kreativt eller inspirerende end 'Lav' i sætning A. 'Skab' antyder en lidt dybere proces eller unikhed ved handlingen. Dermed kan den betragtes som mere passende i en kontekst, hvor man ønsker at fremhæve det kreative element. Ellers er begge sætninger grammatikalsk korrekt og semantisk identiske.",False
2247,Skriv en essay om Alvin og de Gøngehunden på islandsk og med store bogstaver.,Skriv et essay om Alvin og de frække jordegern på islandsk og kun med store bogstaver.,"word choice, SB congruence, missing element","en --> et; Gøngehunden --> frække jordegern; add ""kun""",,MT,gemini-1.5-flash,gpt-4o,A,A,"Sætning A er sprogligt korrekt, idet det korrekte ord er 'et essay' i stedet for 'en essay'. Ordet 'frække jordegern' i sætning A er også mere korrekt og specifik, da det henviser til 'Alvin og de frække jordegern', hvilket er et kendt navn fra underholdningsindustrien. Sætning B nævner derimod 'de Gøngehunden', som synes at være en fejlagtig reference, idet det navn ikke passer sammen. Desuden virker sætning B's opgave med kun en bestemt artikel i 'en essay' som en grammatisk fejl. Derfor er Sætning A bedst sprogligt.",True
2811,"Kan du skrive en rap, der ikke indeholder ordene ""yo"", ""tjek"" og ""fred""?","Kan du skrive en rap der ikke indeholder ordene ""yo"", ""tjek"" og ""fred""?",mistakes,,Uden startkomma,MT,gemini-1.5-flash,gpt-4o,B,B,"Sætning B er sprogligt bedst, fordi den korrekte brug af komma i forbindelse med 'der', en relativ bisætning, ikke kræver komma foran 'der', når ledsætningen følger efter sin overordnede sætning. Dette skyldes de danske kommaregler for relativsætninger med 'der', hvor undladelse af komma før 'der' er i overensstemmelse med den moderne kommaregler, med mindre man følger en traditionel kommastil. Sætning A bruger et komma, som er unødvendigt i denne kontekst.",True
1051,Skriv et brev til en ven i små bogstaver og bed dem om at gå ned og stemme.,Skriv et brev til en ven med små bogstaver og bed dem om at gå ned og stemme.,particles,i --> med,,MT,gemini-1.5-flash,gpt-4o,B,B,"Sætning B er sprogligt bedre, fordi præpositionen 'med' er korrekt i konteksten, hvor det beskriver hvordan brevet skal skrives, nemlig 'med små bogstaver'. Præpositionen 'i' i sætning A kan give en misvisende betydning, idet 'i små bogstaver' kunne forstås som at være skrevet fysisk inden i små bogstaver, hvilket ikke er meningen. Derfor er sætning B mere præcis og tydelig i kommunikationen.",True
202,Hvad er et andet ord for graveringer? Svar med små bogstaver i hele dit svar.,Hvad er et andet ord for indgraveringer? Svar med små bogstaver i hele dit svar.,word choice,graveringer --> indgraveringer,,MT,gemini-1.5-flash,gpt-4o,B,B,"Sætning B er sprogligt bedre, fordi ""indgraveringer"" er et mere præcist og bredere anvendt ord, der refererer til processen eller resultatet af at skære eller på anden måde skabe en fordybning i en overflade for at danne et mønster, billede eller tekst. Sætning A bruger ""graveringer"", som teknisk set ikke er forkert, men ""indgraveringer"" er mere korrekt og specifikt på dansk, når man taler om denne type arbejde.",True
